Ano,cod_ibge,Municipio,Furto de veículo 2018,Furto outros 2018,Homicídio culposo outros 2018,Homicídio culposo por acidente de trânsito 2018,Latrocínio 2018,Lesão corporal culposa outras 2018,Lesão corporal culposa por acidente de trânsito 2018,Lesão corporal dolosa 2018,Vítimas de homicídio 2018,Tentativa de homicídio 2018,Total de estupro 2018,Total de Roubo 2018,Indice Criminalidade 2018,Classificação 2018
2018,3500105,Adamantina,12,170,0,1,0,5,171,151,2,1,8,6,0.20531552783890983,Baixo
2018,3500204,Adolfo,1,44,0,0,0,0,3,25,0,0,1,3,0.37638290343957853,Baixo
2018,3500303,Aguai,10,286,0,5,0,0,37,92,2,1,6,53,0.18700735690829745,Muito Baixo
2018,3500402,Aguas da Prata,3,49,0,1,0,0,9,18,0,0,0,2,0.12733940385176487,Muito Baixo
2018,3500501,Aguas de Lindoia,21,157,0,4,0,0,15,78,1,1,9,14,0.2842340391116118,Baixo
2018,3500550,Aguas de Santa Barbara,3,41,0,1,0,0,9,12,0,1,2,2,0.08970471038364423,Muito Baixo
2018,3500600,Aguas de Sao Pedro,3,18,0,0,0,0,8,10,0,0,0,0,0.19190326189863677,Muito Baixo
2018,3500709,Agudos,34,366,0,2,0,0,75,170,5,5,23,53,0.2993766769731599,Baixo
2018,3500758,Alambari,2,39,0,1,0,0,10,22,0,1,4,4,0.20993716766932619,Baixo
2018,3500808,Alfredo Marcondes,0,14,0,1,0,0,7,8,0,0,1,0,0.05030819021033647,Muito Baixo
2018,3500907,Altair,2,12,0,1,0,0,0,18,1,2,1,2,0.22812606017868245,Baixo
2018,3501004,Altinopolis,4,149,1,4,0,0,36,49,0,0,6,7,0.20526207584653308,Baixo
2018,3501103,Alto Alegre,1,21,0,0,0,0,2,16,0,0,2,0,0.18086883213177107,Muito Baixo
2018,3501152,Aluminio,15,135,0,1,0,1,14,43,0,0,6,20,0.15539246066454518,Muito Baixo
2018,3501202,Alvares Florence,1,35,0,0,0,0,7,23,0,0,1,4,0.3348584008987107,Baixo
2018,3501301,Alvares Machado,8,171,0,4,0,4,61,120,4,10,5,12,0.24920444847669054,Baixo
2018,3501400,Alvaro de Carvalho,3,29,0,0,0,0,3,17,0,0,1,3,0.17612521955936927,Muito Baixo
2018,3501509,Alvinlandia,0,15,0,1,0,0,6,12,2,1,2,2,0.20247256055037643,Baixo
2018,3501608,Americana,1212,2496,2,20,1,14,912,699,10,12,29,654,0.30224889388124243,Baixo
2018,3501707,Americo Brasiliense,29,252,0,0,0,6,31,103,1,7,9,47,0.18002464613409672,Muito Baixo
2018,3501806,Americo de Campos,0,75,0,0,0,0,5,24,1,0,3,3,0.2963021695572691,Baixo
2018,3501905,Amparo,47,539,0,7,1,3,223,203,3,3,25,81,0.18651182873555006,Muito Baixo
2018,3502002,Analandia,2,56,0,2,0,0,2,31,0,1,1,4,0.4759337178586814,Médio
2018,3502101,Andradina,33,778,0,4,0,3,216,256,6,12,12,65,0.33323713803740074,Baixo
2018,3502200,Angatuba,9,166,0,2,1,0,32,74,0,0,7,22,0.17546737089126713,Muito Baixo
2018,3502309,Anhembi,0,31,0,0,0,0,10,30,1,1,4,5,0.2473998130878132,Baixo
2018,3502408,Anhumas,1,21,0,0,0,6,0,16,0,1,2,0,0.2446633845433961,Baixo
2018,3502507,Aparecida,27,439,1,1,1,8,101,156,7,0,12,93,0.35565212590830525,Baixo
2018,3502606,Aparecida d'Oeste,0,23,0,0,0,0,5,21,0,0,2,0,0.22940999696310863,Baixo
2018,3502705,Apiai,11,242,0,2,0,1,44,116,2,0,17,9,0.2922270934541441,Baixo
2018,3502754,Aracariguama,16,194,0,11,2,1,19,54,2,3,4,56,0.23770886444308328,Baixo
2018,3502804,Aracatuba,198,2280,0,18,3,19,1386,815,25,40,70,350,0.3112757697933758,Baixo
2018,3502903,Aracoiaba da Serra,11,334,0,5,0,1,19,103,2,0,15,50,0.24379438259813913,Baixo
2018,3503000,Aramina,2,51,0,2,0,0,2,22,0,0,1,8,0.2769180527406356,Baixo
2018,3503109,Arandu,0,26,0,1,0,0,6,24,0,1,4,2,0.147686819655081,Muito Baixo
2018,3503158,Arapei,0,12,0,1,0,0,3,25,0,0,0,2,0.5396401736742957,Médio
2018,3503208,Araraquara,308,2725,4,30,0,27,260,849,16,14,82,458,0.29264511096324325,Baixo
2018,3503307,Araras,335,1380,0,11,0,4,740,603,4,11,29,269,0.3487475383878404,Baixo
2018,3503356,Arco-Iris,0,6,0,0,0,0,2,5,0,0,0,0,0.062448048228840126,Muito Baixo
2018,3503406,Arealva,3,92,0,1,0,1,10,60,2,4,6,4,0.4741490721136832,Médio
2018,3503505,Areias,0,18,0,1,0,0,2,20,0,0,1,0,0.27276743402959314,Baixo
2018,3503604,Areiopolis,2,28,0,0,0,1,8,38,1,1,2,4,0.12745474337179633,Muito Baixo
2018,3503703,Ariranha,6,41,0,0,0,2,9,46,0,1,1,2,0.2913871969814115,Baixo
2018,3503802,Artur Nogueira,67,382,0,8,1,1,135,199,3,2,11,77,0.25258192625163556,Baixo
2018,3503901,Aruja,217,575,0,7,1,3,119,316,12,9,47,353,0.24074217528436295,Baixo
2018,3503950,Aspasia,0,2,0,0,0,0,2,5,0,0,1,0,0.046712901688160155,Muito Baixo
2018,3504008,Assis,108,838,1,12,0,8,460,358,6,13,27,130,0.2311408256648432,Baixo
2018,3504107,Atibaia,246,1620,0,20,1,1,237,516,12,15,54,401,0.27094051867196667,Baixo
2018,3504206,Auriflama,4,77,0,0,0,3,22,59,1,3,3,4,0.2058499795391636,Baixo
2018,3504305,Avai,0,37,1,2,0,0,6,33,0,1,3,4,0.4241531270211975,Médio
2018,3504404,Avanhandava,5,81,0,3,0,0,18,48,2,1,7,9,0.24241241177590855,Baixo
2018,3504503,Avare,39,731,0,6,0,10,342,422,1,1,36,47,0.2729587029330459,Baixo
2018,3504602,Bady Bassitt,16,188,0,2,0,2,37,56,1,1,11,10,0.1603050655018585,Muito Baixo
2018,3504701,Balbinos,1,5,0,0,0,0,0,20,1,0,1,0,0.18847919146529857,Muito Baixo
2018,3504800,Balsamo,3,79,0,0,0,0,7,41,0,1,2,3,0.2588149130737765,Baixo
2018,3504909,Bananal,4,33,0,0,0,0,6,33,0,2,6,1,0.11430547713561755,Muito Baixo
2018,3505005,Barao de Antonina,1,10,0,1,0,0,2,8,0,0,1,0,0.07941411720542552,Muito Baixo
2018,3505104,Barbosa,1,80,0,1,0,0,11,39,0,3,4,2,0.4459323422982495,Médio
2018,3505203,Bariri,18,383,0,4,0,0,42,148,0,0,8,30,0.33330323025566655,Baixo
2018,3505302,Barra Bonita,55,305,0,4,0,0,77,146,1,1,11,37,0.27239037645953273,Baixo
2018,3505351,Barra do Chapeu,0,25,0,0,0,1,3,14,0,0,3,1,0.10834054332505465,Muito Baixo
2018,3505401,Barra do Turvo,1,93,0,1,0,0,3,26,6,4,1,15,0.28394579224558103,Baixo
2018,3505500,Barretos,231,2586,0,9,1,29,260,487,4,12,34,161,0.4748663407502367,Médio
2018,3505609,Barrinha,25,204,0,3,0,3,14,82,1,6,13,61,0.14763187431251723,Muito Baixo
2018,3505708,Barueri,474,2029,0,17,3,20,883,795,10,22,83,992,0.16693778021898115,Muito Baixo
2018,3505807,Bastos,3,121,0,0,0,1,72,101,0,3,12,5,0.22804585808648084,Baixo
2018,3505906,Batatais,63,523,0,7,0,3,115,123,2,3,17,45,0.16203571423361865,Muito Baixo
2018,3506003,Bauru,625,5241,2,17,0,14,1107,1746,23,25,145,777,0.382623955384367,Baixo
2018,3506102,Bebedouro,107,767,0,11,0,6,299,304,5,4,15,106,0.28347158427641767,Baixo
2018,3506201,Bento de Abreu,0,23,0,0,0,0,0,8,0,0,1,1,0.17649396081691446,Muito Baixo
2018,3506300,Bernardino de Campos,4,105,0,1,0,0,18,72,0,0,4,1,0.3734836829619703,Baixo
2018,3506359,Bertioga,74,959,0,13,1,17,70,266,8,10,22,293,0.41997000457092004,Médio
2018,3506409,Bilac,1,38,0,0,0,3,23,26,0,0,1,6,0.17104099331678901,Muito Baixo
2018,3506508,Birigui,136,1571,0,10,1,8,664,385,6,11,17,193,0.29300789975385316,Baixo
2018,3506607,Biritiba Mirim,17,272,0,7,1,1,23,88,1,1,16,35,0.21332331761750828,Baixo
2018,3506706,Boa Esperanca do Sul,2,103,0,1,0,2,2,82,0,3,5,12,0.3452154181768841,Baixo
2018,3506805,Bocaina,4,92,0,4,0,2,8,42,1,0,2,16,0.24521427131840082,Baixo
2018,3506904,Bofete,1,44,1,3,0,0,27,35,1,0,5,1,0.15963600814452159,Muito Baixo
2018,3507001,Boituva,125,502,0,10,0,0,130,209,5,7,19,105,0.25937614468373665,Baixo
2018,3507100,Bom Jesus dos Perdoes,28,172,0,3,0,0,24,79,0,5,9,45,0.23493675903564123,Baixo
2018,3507159,Bom Sucesso de Itarare,2,17,0,1,0,0,1,18,0,0,4,0,0.25414869071023,Baixo
2018,3507209,Bora,1,6,0,1,0,0,0,5,0,0,2,0,0.3832383390674824,Baixo
2018,3507308,Boraceia,3,44,0,0,0,0,1,19,0,0,2,0,0.2622429468106256,Baixo
2018,3507407,Borborema,3,102,0,3,0,4,14,56,2,4,7,11,0.2264078276609865,Baixo
2018,3507456,Borebi,0,19,0,0,0,0,1,11,0,0,1,1,0.22141101084695886,Baixo
2018,3507506,Botucatu,28,1002,0,9,0,10,475,522,4,5,61,44,0.20280884432232854,Baixo
2018,3507605,Braganca Paulista,223,1738,0,30,2,9,337,610,7,12,23,277,0.2723669449825542,Baixo
2018,3507704,Brauna,0,24,0,1,0,0,2,30,0,1,1,3,0.269255466108436,Baixo
2018,3507753,Brejo Alegre,2,29,0,0,0,0,4,8,0,0,2,2,0.23004240704339005,Baixo
2018,3507803,Brodowski,15,256,0,2,0,0,28,83,0,0,17,38,0.24746362248735287,Baixo
2018,3507902,Brotas,15,258,0,2,0,0,43,85,1,4,11,16,0.2646580904483365,Baixo
2018,3508009,Buri,3,187,0,2,0,0,10,80,1,3,17,13,0.25282537251227905,Baixo
2018,3508108,Buritama,4,224,0,2,0,1,48,94,1,4,3,14,0.3999352710133494,Baixo
2018,3508207,Buritizal,2,55,0,3,0,0,3,18,1,0,2,4,0.3607294602793621,Baixo
2018,3508306,Cabralia Paulista,0,74,0,0,0,0,6,26,1,0,2,2,0.4571947839690616,Médio
2018,3508405,Cabreuva,30,246,0,7,0,3,62,160,2,8,12,52,0.17832514313560813,Muito Baixo
2018,3508504,Cacapava,239,934,0,21,1,0,107,214,11,6,15,428,0.2156350740168449,Baixo
2018,3508603,Cachoeira Paulista,29,246,0,4,0,1,45,119,3,4,7,46,0.23122482055417587,Baixo
2018,3508702,Caconde,12,143,0,1,0,1,18,68,0,1,5,11,0.22935785156262323,Baixo
2018,3508801,Cafelandia,5,172,0,3,0,1,14,33,1,0,3,5,0.16502641394000403,Muito Baixo
2018,3508900,Caiabu,0,17,0,1,0,0,2,16,0,0,0,0,0.19045724196022631,Muito Baixo
2018,3509007,Caieiras,91,463,0,4,1,26,117,318,3,5,30,223,0.17283907543433416,Muito Baixo
2018,3509106,Caiua,1,30,0,0,0,0,0,22,0,1,4,0,0.1927478183913533,Muito Baixo
2018,3509205,Cajamar,109,523,0,12,0,0,126,268,7,5,32,247,0.1817845719460063,Muito Baixo
2018,3509254,Cajati,15,276,0,7,1,0,37,122,0,0,15,76,0.28453741744034017,Baixo
2018,3509304,Cajobi,6,104,0,1,0,0,9,61,2,0,3,1,0.4154663028945784,Médio
2018,3509403,Cajuru,7,207,0,2,0,4,18,108,0,4,3,20,0.27475596528359014,Baixo
2018,3509452,Campina do Monte Alegre,1,55,0,1,0,0,0,19,1,1,2,4,0.21518743886395203,Baixo
2018,3509502,Campinas,3849,16282,5,77,5,22,2264,3314,143,69,269,7034,0.3188223458443273,Baixo
2018,3509601,Campo Limpo Paulista,170,775,1,8,3,11,182,315,5,1,17,370,0.3047409032892972,Baixo
2018,3509700,Campos do Jordao,7,414,0,5,0,16,60,165,4,3,17,62,0.22428294480801533,Baixo
2018,3509809,Campos Novos Paulista,1,21,0,1,0,0,2,6,0,0,3,1,0.03635199621388824,Muito Baixo
2018,3509908,Cananeia,4,140,0,3,0,1,17,119,1,5,9,7,0.5939961148458887,Médio
2018,3509957,Canas,3,53,0,1,0,0,7,16,2,2,1,14,0.25748675423245887,Baixo
2018,3510005,Candido Mota,17,238,0,5,0,0,48,69,0,2,7,17,0.14967054801735827,Muito Baixo
2018,3510104,Candido Rodrigues,1,16,0,0,0,0,3,8,0,0,0,0,0.127609354442241,Muito Baixo
2018,3510153,Canitar,2,23,0,0,0,0,5,13,1,1,1,3,0.07581806777674473,Muito Baixo
2018,3510203,Capao Bonito,15,424,0,3,1,2,116,174,5,2,18,68,0.23429122934991317,Baixo
2018,3510302,Capela do Alto,21,157,0,3,1,0,19,66,0,3,9,14,0.1930088181328305,Muito Baixo
2018,3510401,Capivari,66,297,2,7,0,0,77,187,1,4,15,54,0.20800040459282332,Baixo
2018,3510500,Caraguatatuba,152,2027,0,9,2,13,236,627,20,32,63,638,0.4315720737166523,Médio
2018,3510609,Carapicuiba,798,1761,3,12,1,3,446,560,32,28,90,3312,0.0668386979348878,Muito Baixo
2018,3510708,Cardoso,0,192,0,3,0,1,32,72,0,2,4,3,0.48352375719435303,Médio
2018,3510807,Casa Branca,18,249,1,8,0,0,62,168,3,1,12,25,0.36469108633333597,Baixo
2018,3510906,Cassia dos Coqueiros,0,20,0,0,0,0,0,11,0,0,1,3,0.20512313558976714,Baixo
2018,3511003,Castilho,1,241,0,2,1,0,51,90,2,7,5,19,0.3307149808229327,Baixo
2018,3511102,Catanduva,179,1131,1,10,0,9,644,519,9,4,31,130,0.30554816766299003,Baixo
2018,3511201,Catigua,1,58,0,1,0,1,12,33,0,0,3,2,0.2733517904910747,Baixo
2018,3511300,Cedral,3,87,0,5,0,0,23,34,0,1,2,7,0.2043461993471412,Baixo
2018,3511409,Cerqueira Cesar,10,126,0,6,0,0,32,111,0,0,7,4,0.29833958866879084,Baixo
2018,3511508,Cerquilho,67,315,0,3,1,0,126,124,0,0,14,128,0.17886776092022558,Muito Baixo
2018,3511607,Cesario Lange,8,143,0,3,0,0,34,44,2,1,10,27,0.15435792856827335,Muito Baixo
2018,3511706,Charqueada,7,107,0,0,0,0,8,45,2,1,2,38,0.1515617699549214,Muito Baixo
2018,3511904,Clementina,1,62,0,2,0,2,22,24,0,1,1,3,0.23046257770399153,Baixo
2018,3512001,Colina,15,208,0,4,0,5,45,53,1,2,2,18,0.25107254983753863,Baixo
2018,3512100,Colombia,5,65,0,2,0,1,4,30,1,3,5,17,0.3206502640504245,Baixo
2018,3512209,Conchal,33,289,0,2,0,1,116,125,2,3,5,108,0.3148530646396179,Baixo
2018,3512308,Conchas,2,99,0,2,0,0,14,59,0,0,5,9,0.19220350982936432,Muito Baixo
2018,3512407,Cordeiropolis,27,301,1,2,0,1,102,107,3,0,12,59,0.3506173988665849,Baixo
2018,3512506,Coroados,3,35,0,2,0,5,16,18,0,1,3,1,0.22803666066890663,Baixo
2018,3512605,Coronel Macedo,4,16,0,1,0,0,4,22,1,0,2,0,0.2222597092499231,Baixo
2018,3512704,Corumbatai,8,50,0,1,0,0,12,12,1,0,2,11,0.2712294497034185,Baixo
2018,3512803,Cosmopolis,128,592,0,7,0,5,136,235,7,7,11,194,0.2876468702837914,Baixo
2018,3512902,Cosmorama,6,79,0,2,0,1,23,25,0,1,5,0,0.22616116507139705,Baixo
2018,3513009,Cotia,304,1716,0,14,1,8,507,457,16,19,51,1535,0.10998542014542163,Muito Baixo
2018,3513108,Cravinhos,29,182,0,5,0,1,55,120,3,6,11,53,0.18741699874729387,Muito Baixo
2018,3513207,Cristais Paulista,3,113,0,1,0,2,5,23,3,1,5,1,0.2438326949105354,Baixo
2018,3513306,Cruzalia,0,7,0,0,0,0,0,9,0,0,0,0,0.15324712858782963,Muito Baixo
2018,3513405,Cruzeiro,59,767,2,5,1,6,119,303,18,20,19,124,0.2706215131597354,Baixo
2018,3513504,Cubatao,102,993,2,20,1,10,121,262,6,25,32,685,0.16596378193803238,Muito Baixo
2018,3513603,Cunha,12,154,0,1,0,0,18,58,2,4,4,29,0.14173972039669652,Muito Baixo
2018,3513702,Descalvado,17,227,0,5,1,0,8,106,0,5,3,41,0.19328526809161076,Muito Baixo
2018,3513801,Diadema,1032,3443,0,18,10,34,631,902,35,22,83,6216,0.1872556795756736,Muito Baixo
2018,3513850,Dirce Reis,0,2,0,1,0,0,0,3,0,1,0,0,0.04225688834934376,Muito Baixo
2018,3513900,Divinolandia,6,70,0,1,0,0,23,27,0,1,2,6,0.12174090407524091,Muito Baixo
2018,3514007,Dobrada,3,41,0,0,0,0,3,8,1,3,2,10,0.01324852858964057,Muito Baixo
2018,3514106,Dois Corregos,17,208,1,4,0,4,27,120,1,6,6,16,0.2999611555252022,Baixo
2018,3514205,Dolcinopolis,2,10,0,1,0,0,0,11,0,1,1,0,0.271013951997819,Baixo
2018,3514304,Dourado,4,65,0,3,0,0,5,32,0,0,4,1,0.23917913199167196,Baixo
2018,3514403,Dracena,14,521,0,7,1,7,292,227,0,1,13,14,0.3519291363789101,Baixo
2018,3514502,Duartina,4,71,0,1,0,3,15,39,0,1,2,2,0.16025976826408106,Muito Baixo
2018,3514601,Dumont,2,49,0,0,0,0,5,32,0,0,5,15,0.1609501803212903,Muito Baixo
2018,3514700,Echapora,0,27,0,1,0,0,6,23,1,0,3,0,0.1560776744949977,Muito Baixo
2018,3514809,Eldorado,7,86,0,4,0,0,16,72,0,3,9,7,0.28687730209602025,Baixo
2018,3514908,Elias Fausto,13,82,0,0,0,0,25,69,0,1,4,18,0.18371045747873732,Muito Baixo
2018,3514924,Elisiario,0,18,0,1,0,0,5,13,0,0,2,1,0.2115257725106783,Baixo
2018,3514957,Embauba,0,15,0,1,0,0,1,7,0,1,0,0,0.16665336121557175,Muito Baixo
2018,3515004,Embu das Artes,265,576,0,8,3,26,145,612,32,37,90,1407,0.07396609106455597,Muito Baixo
2018,3515129,Emilianopolis,0,11,0,0,0,0,2,16,0,0,2,0,0.21850499642005514,Baixo
2018,3515152,Engenheiro Coelho,9,149,0,1,0,0,19,81,4,3,4,34,0.2565768148846128,Baixo
2018,3515186,Espirito Santo do Pinhal,24,325,0,5,1,0,98,186,1,2,9,40,0.2691854231254564,Baixo
2018,3515194,Espirito Santo do Turvo,0,24,0,1,0,0,6,25,0,0,3,7,0.3058167778101446,Baixo
2018,3515202,Estrela d'Oeste,5,45,0,0,0,0,12,23,1,0,3,2,0.10451022176971979,Muito Baixo
2018,3515301,Estrela do Norte,1,16,0,1,0,0,4,11,0,0,0,4,0.22129260848278626,Baixo
2018,3515350,Euclides da Cunha Paulista,3,88,0,1,0,0,2,30,0,0,3,1,0.24114852644447268,Baixo
2018,3515400,Fartura,9,184,0,1,0,0,21,132,1,0,13,4,0.5012535459882193,Médio
2018,3515509,Fernandopolis,36,533,0,9,2,4,357,276,0,3,21,22,0.2348315374576833,Baixo
2018,3515608,Fernando Prestes,3,41,0,5,1,0,11,40,0,0,1,1,0.4394413492353774,Médio
2018,3515657,Fernao,0,14,0,0,0,0,1,3,0,0,1,0,0.11392870926314118,Muito Baixo
2018,3515707,Ferraz de Vasconcelos,300,933,1,3,2,108,85,324,8,6,37,1283,0.11473441164849414,Muito Baixo
2018,3515806,Flora Rica,0,6,0,0,0,0,1,8,0,0,0,1,0.20846699836221136,Baixo
2018,3515905,Floreal,1,30,0,1,0,1,7,21,0,0,0,1,0.4793507348074967,Médio
2018,3516002,Florida Paulista,0,32,0,2,0,3,28,52,2,2,8,1,0.1550125079205059,Muito Baixo
2018,3516200,Franca,554,4863,4,36,2,31,989,886,11,21,46,455,0.2738681958167291,Baixo
2018,3516309,Francisco Morato,176,1008,0,3,0,5,103,180,19,5,51,1008,0.05732858415752183,Muito Baixo
2018,3516408,Franco da Rocha,154,766,1,8,1,1,150,507,12,13,72,647,0.18066477890207278,Muito Baixo
2018,3516507,Gabriel Monteiro,1,5,0,0,0,0,4,7,0,0,1,1,0.05158437994877849,Muito Baixo
2018,3516606,Galia,1,71,0,2,0,0,4,40,0,0,2,9,0.38938848464507597,Baixo
2018,3516705,Garca,37,639,0,0,0,5,153,209,1,2,14,45,0.3899968057190782,Baixo
2018,3516804,Gastao Vidigal,0,14,0,1,0,0,1,24,0,1,1,0,0.3141657965076273,Baixo
2018,3516853,Gaviao Peixoto,5,16,0,0,0,0,5,16,2,0,2,2,0.13814833326286283,Muito Baixo
2018,3516903,General Salgado,5,49,0,2,0,1,13,37,0,0,5,6,0.16650480967238515,Muito Baixo
2018,3517000,Getulina,1,78,0,2,0,0,11,56,1,1,13,5,0.29625739030990705,Baixo
2018,3517109,Glicerio,0,30,0,1,0,0,4,19,0,0,2,1,0.23946866533033362,Baixo
2018,3517208,Guaicara,8,172,0,3,0,2,12,50,2,2,3,19,0.3951870501438334,Baixo
2018,3517307,Guaimbe,0,36,0,1,0,0,3,54,1,0,0,1,0.5158927171142149,Médio
2018,3517406,Guaira,27,563,0,1,0,5,87,270,5,6,18,24,0.4916398144396883,Médio
2018,3517505,Guapiacu,8,122,0,3,0,5,30,64,0,1,6,11,0.16741751650086567,Muito Baixo
2018,3517604,Guapiara,7,108,1,0,0,0,18,56,0,0,7,7,0.1570944477499837,Muito Baixo
2018,3517703,Guara,9,429,0,2,0,0,15,104,1,1,2,17,0.5272475563048259,Médio
2018,3517802,Guaracai,2,46,0,3,0,0,11,40,0,0,1,1,0.2743497662022281,Baixo
2018,3517901,Guaraci,6,74,0,1,0,3,24,81,0,4,2,2,0.4392075040450286,Médio
2018,3518008,Guarani d'Oeste,1,11,0,0,0,0,1,10,0,2,3,0,0.24714635414887506,Baixo
2018,3518107,Guaranta,0,75,0,1,0,0,12,46,0,2,4,8,0.4503010999755139,Médio
2018,3518206,Guararapes,10,310,0,4,0,12,91,107,3,3,6,26,0.2473552400315575,Baixo
2018,3518305,Guararema,18,290,1,4,0,0,42,104,2,8,13,63,0.24193643341111917,Baixo
2018,3518404,Guaratingueta,68,917,1,9,0,10,336,226,40,41,19,330,0.12619615722913302,Muito Baixo
2018,3518503,Guarei,12,125,0,3,0,0,12,29,1,2,2,10,0.1411432981153057,Muito Baixo
2018,3518602,Guariba,35,279,0,1,0,1,13,82,3,5,12,65,0.13392733981974472,Muito Baixo
2018,3518701,Guaruja,262,2626,0,18,1,20,349,765,22,44,73,2428,0.182500807384681,Muito Baixo
2018,3518800,Guarulhos,2936,10380,4,94,3,47,1198,2424,89,68,380,7215,0.15126442496720127,Muito Baixo
2018,3518859,Guatapara,5,65,0,0,0,0,8,52,0,3,2,10,0.41310808821142647,Médio
2018,3518909,Guzolandia,1,59,0,2,0,0,4,24,0,1,5,4,0.40518174324989376,Médio
2018,3519006,Herculandia,4,47,0,4,0,0,9,26,0,0,1,0,0.1548308669266031,Muito Baixo
2018,3519055,Holambra,7,101,0,0,0,1,38,37,0,0,2,7,0.14930427019153675,Muito Baixo
2018,3519071,Hortolandia,562,1460,1,19,1,10,399,610,23,13,63,1106,0.17705519345050486,Muito Baixo
2018,3519105,Iacanga,5,122,0,0,0,1,5,71,1,0,10,3,0.4422996105716414,Médio
2018,3519204,Iacri,1,35,0,1,0,0,21,30,0,1,1,1,0.23735705244580058,Baixo
2018,3519253,Iaras,1,23,0,0,0,0,2,32,2,4,3,1,0.16213781460251547,Muito Baixo
2018,3519303,Ibate,24,261,0,4,0,0,21,95,3,5,5,51,0.18827595999792535,Muito Baixo
2018,3519402,Ibira,7,125,0,0,0,0,20,65,0,0,4,10,0.3622454572462277,Baixo
2018,3519501,Ibirarema,3,27,0,0,0,0,4,20,2,0,2,7,0.1166751826268813,Muito Baixo
2018,3519600,Ibitinga,58,741,0,7,1,4,208,385,5,4,20,45,0.4599632813323311,Médio
2018,3519709,Ibiuna,117,633,0,12,1,5,120,284,11,9,55,132,0.2548000833646931,Baixo
2018,3519808,Icem,3,58,0,2,0,0,1,36,4,1,3,1,0.26786455528112346,Baixo
2018,3519907,Iepe,2,32,0,0,0,0,4,40,0,0,2,0,0.22873325348666862,Baixo
2018,3520004,Igaracu do Tiete,17,227,0,0,0,0,30,75,1,3,9,18,0.214635783077519,Baixo
2018,3520103,Igarapava,11,285,0,0,0,0,27,69,1,2,7,38,0.18776928329825565,Muito Baixo
2018,3520202,Igarata,7,144,0,6,0,1,6,33,2,0,4,23,0.3327377965095914,Baixo
2018,3520301,Iguape,26,473,0,7,1,0,64,159,2,2,10,42,0.45232808893374954,Médio
2018,3520400,Ilhabela,21,514,0,1,0,0,12,384,2,6,16,31,0.7607629126515869,Alto
2018,3520426,Ilha Comprida,20,514,0,0,0,1,45,99,0,5,13,38,1.0,Muito Alto
2018,3520442,Ilha Solteira,11,412,1,3,0,3,55,90,2,3,13,14,0.33680727614011763,Baixo
2018,3520509,Indaiatuba,123,1759,0,19,0,5,422,708,7,5,83,403,0.16996501607176295,Muito Baixo
2018,3520608,Indiana,1,38,0,4,0,0,16,21,0,0,0,3,0.2798895071867718,Baixo
2018,3520707,Indiapora,3,19,0,2,0,0,4,20,0,0,1,1,0.2653246752408651,Baixo
2018,3520806,Inubia Paulista,1,12,0,1,0,0,5,9,0,0,0,0,0.08944773090117841,Muito Baixo
2018,3520905,Ipaussu,13,95,0,1,0,0,17,90,1,0,4,3,0.35659150166497666,Baixo
2018,3521002,Ipero,15,203,0,0,0,0,28,153,2,8,15,30,0.2236373579925691,Baixo
2018,3521101,Ipeuna,11,94,0,3,0,3,3,22,0,1,2,13,0.35029825856493474,Baixo
2018,3521150,Ipigua,0,49,0,0,0,0,14,16,0,0,1,1,0.15232256052496831,Muito Baixo
2018,3521200,Iporanga,0,34,0,0,0,0,1,9,0,1,5,1,0.12412629789647872,Muito Baixo
2018,3521309,Ipua,10,145,0,0,0,0,3,40,0,2,4,8,0.19549838751646326,Muito Baixo
2018,3521408,Iracemapolis,29,144,0,0,0,1,35,91,1,3,6,18,0.23537461292470235,Baixo
2018,3521507,Irapua,3,79,0,4,0,0,7,50,0,0,4,4,0.47708659369383194,Médio
2018,3521606,Irapuru,0,53,0,0,0,0,15,49,0,0,1,2,0.3470652677750243,Baixo
2018,3521705,Itabera,3,77,0,5,0,0,26,109,1,1,12,6,0.29326737570210043,Baixo
2018,3521804,Itai,7,153,1,5,0,2,36,74,4,1,10,9,0.1597253979822186,Muito Baixo
2018,3521903,Itajobi,9,73,1,4,0,1,19,37,0,0,3,2,0.10744377329535061,Muito Baixo
2018,3522000,Itaju,0,25,0,0,0,0,5,8,2,0,1,0,0.11575587919228045,Muito Baixo
2018,3522109,Itanhaem,194,2402,0,15,0,8,198,448,25,15,65,852,0.501253127551935,Médio
2018,3522158,Itaoca,3,15,0,0,0,0,2,20,0,0,3,0,0.2822521099273787,Baixo
2018,3522208,Itapecerica da Serra,183,710,0,6,2,1,177,393,13,16,41,1076,0.10749067123959331,Muito Baixo
2018,3522307,Itapetininga,146,1395,0,15,0,10,508,564,3,3,55,220,0.24112529788885986,Baixo
2018,3522406,Itapeva,47,768,3,8,0,12,235,327,1,5,43,67,0.23014858675927302,Baixo
2018,3522505,Itapevi,333,956,0,10,1,9,273,466,27,23,109,1044,0.08903597771515233,Muito Baixo
2018,3522604,Itapira,181,732,0,8,0,0,161,305,5,3,20,79,0.3152602886877044,Baixo
2018,3522653,Itapirapua Paulista,1,4,0,0,0,0,2,11,0,0,2,1,0.0447277777646885,Muito Baixo
2018,3522703,Itapolis,18,362,0,1,0,1,67,172,4,1,18,17,0.2617210397792793,Baixo
2018,3522802,Itaporanga,6,86,0,0,0,0,8,26,1,2,1,2,0.07861761007375478,Muito Baixo
2018,3522901,Itapui,18,145,0,0,0,0,17,55,0,1,4,3,0.29501090031405164,Baixo
2018,3523008,Itapura,0,45,0,3,0,0,4,29,1,1,5,1,0.46540062662131526,Médio
2018,3523107,Itaquaquecetuba,702,2356,1,16,2,5,220,800,43,36,126,2865,0.14024335365227103,Muito Baixo
2018,3523206,Itarare,32,440,0,4,0,3,90,298,1,4,23,36,0.39339237646947645,Baixo
2018,3523305,Itariri,4,106,1,10,1,2,13,76,3,1,5,23,0.3102691397211945,Baixo
2018,3523404,Itatiba,135,967,0,13,1,5,354,269,8,4,23,441,0.16455614092829948,Muito Baixo
2018,3523503,Itatinga,2,99,0,5,0,1,36,68,1,0,13,9,0.1780396391863016,Muito Baixo
2018,3523602,Itirapina,3,161,0,5,0,1,26,59,1,0,6,23,0.2613341083391409,Baixo
2018,3523701,Itirapua,5,94,0,3,0,2,6,29,0,0,4,2,0.4549207293769065,Médio
2018,3523800,Itobi,2,54,0,0,0,1,6,37,1,2,7,3,0.24742140046512204,Baixo
2018,3523909,Itu,399,1400,1,30,1,11,230,385,10,7,60,263,0.1916419280235643,Muito Baixo
2018,3524006,Itupeva,45,513,0,8,0,4,144,199,2,7,21,132,0.20363802702850226,Baixo
2018,3524105,Ituverava,20,345,0,2,1,0,45,141,3,3,13,41,0.23333090834232706,Baixo
2018,3524204,Jaborandi,1,19,0,0,0,0,1,24,0,3,3,0,0.13207987332583476,Muito Baixo
2018,3524303,Jaboticabal,92,1076,0,7,0,4,133,272,7,6,20,275,0.3395774746601699,Baixo
2018,3524402,Jacarei,606,1953,1,19,0,7,348,673,37,16,85,854,0.21349844070075297,Baixo
2018,3524501,Jaci,1,34,0,1,0,3,22,13,0,3,3,2,0.0869156087550211,Muito Baixo
2018,3524600,Jacupiranga,12,125,0,7,0,0,40,94,0,2,5,25,0.3406997111625074,Baixo
2018,3524709,Jaguariuna,97,755,0,7,0,5,220,212,3,4,14,116,0.3422639506958962,Baixo
2018,3524808,Jales,45,528,0,1,0,4,341,195,2,1,22,24,0.28281434140543515,Baixo
2018,3524907,Jambeiro,1,74,0,2,0,0,8,19,0,1,6,4,0.26179240070734955,Baixo
2018,3525003,Jandira,168,640,0,4,0,0,145,508,17,7,41,510,0.22727233446985404,Baixo
2018,3525102,Jardinopolis,93,572,0,3,0,2,36,162,2,5,17,103,0.3288492273594163,Baixo
2018,3525201,Jarinu,29,251,0,6,0,4,26,88,4,5,16,63,0.1729995932900177,Muito Baixo
2018,3525300,Jau,132,1186,1,23,1,8,396,395,12,9,27,127,0.2080152929155664,Baixo
2018,3525409,Jeriquara,1,100,0,1,0,0,8,28,0,1,3,3,0.7368318163441923,Alto
2018,3525508,Joanopolis,6,148,0,0,0,0,13,69,2,1,1,10,0.36487032558379257,Baixo
2018,3525607,Joao Ramalho,0,31,0,2,0,0,6,28,0,0,0,0,0.36726497836735106,Baixo
2018,3525706,Jose Bonifacio,36,333,0,4,0,1,126,125,1,5,11,53,0.23900348465228546,Baixo
2018,3525805,Julio Mesquita,2,19,0,1,0,0,0,26,0,0,2,2,0.29332611719314355,Baixo
2018,3525854,Jumirim,1,23,0,0,0,0,10,7,0,1,2,5,0.13194896961115052,Muito Baixo
2018,3525904,Jundiai,651,4694,1,42,1,44,695,946,12,21,96,1219,0.20960998732245956,Baixo
2018,3526001,Junqueiropolis,7,112,0,1,1,5,69,74,1,1,1,6,0.18950407326910454,Muito Baixo
2018,3526100,Juquia,5,206,0,5,0,65,33,50,1,3,10,55,0.3661449256711319,Baixo
2018,3526209,Juquitiba,19,333,0,13,0,1,31,123,1,5,22,116,0.34124412797219195,Baixo
2018,3526308,Lagoinha,2,36,0,0,0,0,0,20,0,1,4,3,0.21331961475145075,Baixo
2018,3526407,Laranjal Paulista,11,226,0,2,0,5,22,36,0,1,9,23,0.11015233879421066,Muito Baixo
2018,3526506,Lavinia,0,46,0,0,0,0,5,26,1,0,4,1,0.10704697962417065,Muito Baixo
2018,3526605,Lavrinhas,1,59,1,0,0,1,12,17,0,2,4,18,0.1579995076371404,Muito Baixo
2018,3526704,Leme,128,1038,0,4,0,1,313,469,15,3,27,273,0.3294781962892509,Baixo
2018,3526803,Lencois Paulista,48,633,1,5,0,5,190,232,2,4,25,51,0.24283633782591654,Baixo
2018,3526902,Limeira,856,3085,1,23,0,5,819,825,6,6,99,879,0.25158368695859995,Baixo
2018,3527009,Lindoia,8,40,0,2,0,0,8,29,1,0,0,4,0.23214771615189114,Baixo
2018,3527108,Lins,136,1273,1,8,0,10,250,312,3,9,24,101,0.4103959881308233,Médio
2018,3527207,Lorena,44,744,0,9,1,2,229,350,29,30,25,312,0.2561321800749537,Baixo
2018,3527256,Lourdes,1,15,0,0,0,0,2,7,1,0,1,1,0.18719057377501955,Muito Baixo
2018,3527306,Louveira,45,285,0,2,0,14,110,139,1,4,3,92,0.16446007100797336,Muito Baixo
2018,3527405,Lucelia,5,121,0,2,0,5,74,97,0,0,5,4,0.25294957046174177,Baixo
2018,3527504,Lucianopolis,0,5,0,2,0,1,2,11,0,1,1,0,0.24312074047058566,Baixo
2018,3527603,Luis Antonio,6,102,0,2,0,0,4,49,0,1,7,5,0.2511603916555517,Baixo
2018,3527702,Luiziania,2,17,0,1,0,0,6,25,0,1,3,0,0.23334154858151748,Baixo
2018,3527801,Lupercio,0,15,0,0,0,1,0,27,1,1,1,1,0.2957258211290235,Baixo
2018,3527900,Lutecia,0,19,0,0,0,0,1,12,0,0,1,2,0.22726763781768716,Baixo
2018,3528007,Macatuba,12,103,0,0,0,0,17,57,2,1,2,15,0.1703617024177896,Muito Baixo
2018,3528106,Macaubal,3,68,0,0,0,6,15,31,0,3,5,2,0.2753024017092673,Baixo
2018,3528205,Macedonia,0,31,0,1,0,2,5,10,0,0,2,0,0.1800676939807882,Muito Baixo
2018,3528304,Magda,0,16,0,1,0,1,6,11,0,0,3,0,0.17532538618317506,Muito Baixo
2018,3528403,Mairinque,23,347,1,10,0,2,48,153,4,2,26,74,0.18870772427379373,Muito Baixo
2018,3528502,Mairipora,156,735,1,7,0,4,100,322,15,9,34,370,0.23391453134044285,Baixo
2018,3528601,Manduri,3,34,0,1,0,0,10,21,0,0,7,2,0.0667350073094087,Muito Baixo
2018,3528700,Maraba Paulista,1,18,0,1,0,0,5,6,0,0,3,0,0.03039847531267756,Muito Baixo
2018,3528809,Maracai,2,72,0,2,0,0,18,46,0,1,2,4,0.17031728530394594,Muito Baixo
2018,3528858,Marapoama,2,15,0,0,0,0,1,7,0,0,0,0,0.08914979688581672,Muito Baixo
2018,3528908,Mariapolis,0,11,0,0,0,1,4,12,0,0,1,0,0.11518520211810569,Muito Baixo
2018,3529005,Marilia,203,2396,4,24,1,28,1287,958,8,22,59,243,0.2883933994726443,Baixo
2018,3529104,Marinopolis,0,4,0,0,0,0,1,7,0,0,1,0,0.1057851451391339,Muito Baixo
2018,3529203,Martinopolis,15,152,0,4,0,0,57,143,0,1,11,7,0.3061318111245584,Baixo
2018,3529302,Matao,60,584,0,10,0,11,85,249,3,2,22,86,0.19097734559098628,Muito Baixo
2018,3529401,Maua,1859,3197,0,9,2,8,329,694,37,33,73,3126,0.15774525408739945,Muito Baixo
2018,3529500,Mendonca,2,69,0,1,0,0,7,36,0,0,5,0,0.42521495742421106,Médio
2018,3529609,Meridiano,2,28,0,0,0,1,16,14,0,1,5,1,0.16792699078355985,Muito Baixo
2018,3529658,Mesopolis,0,17,0,1,0,0,2,8,0,0,1,0,0.275271230188126,Baixo
2018,3529708,Miguelopolis,12,275,1,2,0,3,32,86,3,4,6,32,0.34784885787771785,Baixo
2018,3529807,Mineiros do Tiete,6,64,0,2,0,0,4,54,0,1,2,1,0.23723929183494336,Baixo
2018,3529906,Miracatu,9,273,0,17,1,1,52,93,3,4,12,129,0.42790538058322386,Médio
2018,3530003,Mira Estrela,0,24,0,1,0,0,2,10,1,0,2,1,0.2029773379948827,Baixo
2018,3530102,Mirandopolis,6,172,0,2,0,0,47,105,0,1,6,9,0.18503022784469406,Muito Baixo
2018,3530201,Mirante do Paranapanema,5,175,0,2,0,0,27,87,1,1,7,2,0.34143415857296083,Baixo
2018,3530300,Mirassol,25,474,0,6,1,2,298,172,2,2,18,42,0.1721269553132632,Muito Baixo
2018,3530409,Mirassolandia,0,65,0,0,0,1,8,31,0,0,6,1,0.4731901067040595,Médio
2018,3530508,Mococa,55,601,0,8,0,1,86,281,0,1,27,53,0.26138293271381763,Baixo
2018,3530607,Mogi das Cruzes,597,3091,0,47,2,31,443,707,25,34,116,1075,0.11230495368778716,Muito Baixo
2018,3530706,Mogi Guacu,537,1541,0,17,2,6,540,505,12,16,32,587,0.28733690770970677,Baixo
2018,3530805,Mogi Mirim,305,913,0,13,0,4,367,309,5,8,18,317,0.2790296717295097,Baixo
2018,3530904,Mombuca,5,35,0,0,0,0,3,14,0,1,1,0,0.26363720803865326,Baixo
2018,3531001,Moncoes,0,21,0,0,0,0,10,13,0,0,0,0,0.38162387415851606,Baixo
2018,3531100,Mongagua,239,1591,0,4,0,8,100,286,8,14,33,678,0.6499973886383352,Alto
2018,3531209,Monte Alegre do Sul,0,51,0,1,0,0,3,17,0,0,4,5,0.09881449387849289,Muito Baixo
2018,3531308,Monte Alto,58,447,0,5,0,1,66,204,2,5,9,72,0.2830569727138741,Baixo
2018,3531407,Monte Aprazivel,19,210,0,2,0,1,78,85,1,2,9,12,0.25336603615303194,Baixo
2018,3531506,Monte Azul Paulista,11,220,1,1,0,1,45,91,0,0,6,14,0.34490615894472115,Baixo
2018,3531605,Monte Castelo,0,19,0,1,0,0,5,20,0,0,3,0,0.22492998756014532,Baixo
2018,3531704,Monteiro Lobato,1,36,0,0,0,0,5,11,1,0,1,4,0.16242398547251083,Muito Baixo
2018,3531803,Monte Mor,72,402,1,9,0,1,106,206,6,1,29,150,0.20176583310052607,Baixo
2018,3531902,Morro Agudo,14,313,0,4,0,1,23,78,8,8,16,31,0.21439318114081146,Baixo
2018,3532009,Morungaba,7,103,0,0,0,2,16,41,1,1,1,25,0.18432823730715195,Muito Baixo
2018,3532058,Motuca,2,14,0,1,0,0,2,18,0,0,1,5,0.19007919753188363,Muito Baixo
2018,3532108,Murutinga do Sul,0,23,0,0,0,0,4,17,0,0,0,0,0.20475768747427808,Baixo
2018,3532157,Nantes,0,23,0,0,0,0,1,12,0,0,1,0,0.2526610890467759,Baixo
2018,3532207,Narandiba,0,51,0,0,0,0,2,42,0,0,3,1,0.4588077592203268,Médio
2018,3532306,Natividade da Serra,7,64,0,1,1,0,5,16,1,3,1,1,0.18717012708939898,Muito Baixo
2018,3532405,Nazare Paulista,12,216,0,3,0,0,7,76,1,3,12,35,0.3211391758064313,Baixo
2018,3532504,Neves Paulista,0,46,0,1,0,1,24,28,0,2,1,1,0.1286808930931793,Muito Baixo
2018,3532603,Nhandeara,4,82,0,1,0,2,32,54,0,2,3,4,0.30726260416719436,Baixo
2018,3532702,Nipoa,5,68,0,0,0,1,10,26,0,1,1,0,0.43114966936551397,Médio
2018,3532801,Nova Alianca,1,43,0,1,0,1,10,17,0,1,6,2,0.14627217748211652,Muito Baixo
2018,3532827,Nova Campina,8,88,0,1,0,0,5,32,1,0,5,3,0.26270091922521427,Baixo
2018,3532843,Nova Canaa Paulista,0,12,0,1,0,0,1,10,0,0,2,0,0.26321352138188253,Baixo
2018,3532868,Nova Castilho,1,14,0,0,0,0,0,4,0,0,2,2,0.2834129625960198,Baixo
2018,3532900,Nova Europa,1,69,0,0,0,0,5,19,0,0,4,8,0.10670941310727361,Muito Baixo
2018,3533007,Nova Granada,7,140,0,7,0,2,30,79,0,4,6,9,0.24493221644642607,Baixo
2018,3533106,Nova Guataporanga,0,11,0,0,0,2,2,14,0,0,1,1,0.34069443768512886,Baixo
2018,3533205,Nova Independencia,0,30,0,1,0,0,1,13,0,0,1,1,0.1803560182199529,Muito Baixo
2018,3533254,Novais,4,26,0,0,0,0,10,20,0,1,1,0,0.22213615853056667,Baixo
2018,3533304,Nova Luzitania,0,14,0,0,0,0,3,9,0,0,0,0,0.10907150169969176,Muito Baixo
2018,3533403,Nova Odessa,104,567,2,4,0,1,236,204,5,4,9,146,0.2510879649880708,Baixo
2018,3533502,Novo Horizonte,26,445,0,4,0,1,137,208,1,7,19,23,0.3720818571072321,Baixo
2018,3533601,Nuporanga,2,125,0,0,0,0,3,34,0,0,2,5,0.4011848175077864,Médio
2018,3533700,Ocaucu,0,24,0,3,0,0,8,14,1,0,3,2,0.1927581321023256,Muito Baixo
2018,3533809,Oleo,0,15,0,0,0,0,3,3,0,2,0,1,0.035427775106084324,Muito Baixo
2018,3533908,Olimpia,50,708,0,4,0,8,105,198,1,3,11,83,0.3064299664574307,Baixo
2018,3534005,Onda Verde,1,56,0,0,0,2,7,19,1,3,1,2,0.3227406530224925,Baixo
2018,3534104,Oriente,0,40,0,3,0,0,5,13,0,0,1,1,0.12936086939758526,Muito Baixo
2018,3534203,Orindiuva,1,42,0,0,0,0,4,17,0,3,0,0,0.14754727285031266,Muito Baixo
2018,3534302,Orlandia,34,287,0,4,0,3,66,122,1,1,10,55,0.185812944995048,Muito Baixo
2018,3534401,Osasco,3173,6088,1,25,12,52,1046,1472,57,54,196,7918,0.19849543265828704,Muito Baixo
2018,3534500,Oscar Bressane,0,18,0,0,0,0,1,5,0,0,0,0,0.09962791676876535,Muito Baixo
2018,3534609,Osvaldo Cruz,3,214,0,1,0,9,106,107,0,2,6,2,0.18547369274076253,Muito Baixo
2018,3534708,Ourinhos,102,1261,1,10,0,9,469,456,5,9,26,88,0.3255600991963517,Baixo
2018,3534757,Ouroeste,1,47,0,3,0,2,28,58,1,2,6,6,0.3043617854869422,Baixo
2018,3534807,Ouro Verde,2,39,0,0,0,1,5,48,0,1,5,0,0.29479359923285636,Baixo
2018,3534906,Pacaembu,0,65,0,0,0,0,18,81,0,1,3,0,0.25368724136629445,Baixo
2018,3535002,Palestina,5,64,0,2,0,0,11,36,0,1,2,1,0.15813311361180912,Muito Baixo
2018,3535101,Palmares Paulista,3,43,0,1,0,1,12,67,1,2,5,3,0.3161662977236605,Baixo
2018,3535200,Palmeira d'Oeste,1,31,0,1,0,2,24,31,0,0,1,2,0.13278718300114167,Muito Baixo
2018,3535309,Palmital,7,129,0,1,0,0,26,41,1,3,10,27,0.09752245600898697,Muito Baixo
2018,3535408,Panorama,17,178,0,1,0,2,51,97,3,2,9,5,0.43418551981121295,Médio
2018,3535507,Paraguacu Paulista,27,482,1,8,0,4,76,166,2,3,14,38,0.2989440730585946,Baixo
2018,3535606,Paraibuna,6,177,0,3,0,0,16,97,1,1,3,20,0.344671610250587,Baixo
2018,3535705,Paraiso,1,18,0,0,1,2,10,19,0,0,3,0,0.12640603941985748,Muito Baixo
2018,3535804,Paranapanema,5,129,0,2,0,1,16,89,0,0,18,6,0.25215172639357025,Baixo
2018,3535903,Paranapua,2,21,0,1,0,0,4,26,0,1,3,2,0.33831849947629566,Baixo
2018,3536000,Parapua,4,63,0,4,0,1,14,41,1,1,5,7,0.21173442863742922,Baixo
2018,3536109,Pardinho,4,69,0,0,0,0,14,29,1,1,5,5,0.28092456943626043,Baixo
2018,3536208,Pariquera-Acu,12,183,0,3,0,0,36,76,0,2,9,27,0.2624104753722234,Baixo
2018,3536257,Parisi,1,18,0,0,0,1,3,9,0,0,0,1,0.19252102282833802,Muito Baixo
2018,3536307,Patrocinio Paulista,14,250,0,3,0,1,10,44,1,0,8,15,0.35283679112424515,Baixo
2018,3536406,Pauliceia,2,53,0,4,0,0,14,24,0,0,3,2,0.20417712117897283,Baixo
2018,3536505,Paulinia,168,962,0,4,2,8,293,416,3,13,29,335,0.28136887416158807,Baixo
2018,3536570,Paulistania,1,7,0,2,0,0,5,2,0,0,2,0,0.06922022303798138,Muito Baixo
2018,3536604,Paulo de Faria,3,55,0,2,0,0,1,38,1,1,1,1,0.2707694665801186,Baixo
2018,3536703,Pederneiras,42,472,0,5,0,1,137,197,3,4,15,39,0.3096525582287456,Baixo
2018,3536802,Pedra Bela,2,61,0,1,0,1,3,11,0,2,2,1,0.1483316880011323,Muito Baixo
2018,3536901,Pedranopolis,0,13,0,1,0,0,0,8,0,0,4,0,0.13744067654060432,Muito Baixo
2018,3537008,Pedregulho,13,193,0,1,0,0,6,82,0,1,2,5,0.3668252255480767,Baixo
2018,3537107,Pedreira,104,268,0,2,1,1,93,152,0,4,10,74,0.2127383313544362,Baixo
2018,3537156,Pedrinhas Paulista,0,19,0,1,0,0,6,14,0,0,0,2,0.27054212078698064,Baixo
2018,3537206,Pedro de Toledo,1,89,0,0,0,0,8,50,0,3,5,9,0.2515872452167917,Baixo
2018,3537305,Penapolis,23,434,1,6,0,12,377,274,3,2,25,20,0.2528135187429543,Baixo
2018,3537404,Pereira Barreto,13,165,0,3,0,1,94,101,1,1,9,15,0.22242533789436314,Baixo
2018,3537503,Pereiras,6,35,0,1,0,0,10,23,0,0,3,3,0.11504444898416145,Muito Baixo
2018,3537602,Peruibe,131,1376,0,7,1,9,85,334,7,19,35,481,0.5152075741778037,Médio
2018,3537701,Piacatu,1,19,0,1,0,0,9,22,0,1,3,0,0.16468301559694776,Muito Baixo
2018,3537800,Piedade,39,486,0,8,0,0,60,126,2,5,14,47,0.17256603268151355,Muito Baixo
2018,3537909,Pilar do Sul,25,228,0,7,0,1,23,69,0,2,11,30,0.17891545422314709,Muito Baixo
2018,3538006,Pindamonhangaba,174,1198,0,14,1,16,258,267,18,21,35,563,0.11487734213241838,Muito Baixo
2018,3538105,Pindorama,11,136,0,8,0,0,25,60,1,1,3,9,0.2883208006833148,Baixo
2018,3538204,Pinhalzinho,7,97,0,4,0,0,12,40,0,1,0,5,0.1588303025416734,Muito Baixo
2018,3538303,Piquerobi,1,18,0,0,0,0,4,13,0,1,2,0,0.1763770513089458,Muito Baixo
2018,3538501,Piquete,5,79,0,0,0,1,15,51,0,1,4,13,0.19063550190209427,Muito Baixo
2018,3538600,Piracaia,24,286,0,4,1,0,20,93,3,0,12,27,0.2724033205774989,Baixo
2018,3538709,Piracicaba,997,3734,1,35,1,27,1044,1240,25,48,31,990,0.23369289862073872,Baixo
2018,3538808,Piraju,20,234,0,2,0,1,71,148,1,0,16,15,0.29128416978887783,Baixo
2018,3538907,Pirajui,11,173,0,1,0,0,20,106,0,0,10,5,0.2588572105157292,Baixo
2018,3539004,Pirangi,3,85,0,0,0,0,7,41,1,0,5,11,0.20951795498546533,Baixo
2018,3539103,Pirapora do Bom Jesus,14,125,0,0,0,0,0,35,5,1,8,25,0.11274024597908075,Muito Baixo
2018,3539202,Pirapozinho,11,128,0,4,1,2,56,114,3,2,4,2,0.22617200533567294,Baixo
2018,3539301,Pirassununga,71,719,0,8,0,1,243,314,4,5,18,96,0.28748541683202955,Baixo
2018,3539400,Piratininga,6,105,1,4,0,0,14,38,0,0,5,7,0.17074390919353868,Muito Baixo
2018,3539509,Pitangueiras,29,357,0,6,0,0,21,148,7,2,22,62,0.29494108674389496,Baixo
2018,3539608,Planalto,2,44,0,2,0,0,5,32,0,0,3,2,0.4527379401748677,Médio
2018,3539707,Platina,0,23,0,0,0,0,0,10,0,0,0,0,0.1674018456238111,Muito Baixo
2018,3539806,Poa,258,1008,1,5,2,1,76,362,7,8,44,839,0.25550861855078316,Baixo
2018,3539905,Poloni,1,33,0,2,0,0,4,17,0,1,4,1,0.16580935443243744,Muito Baixo
2018,3540002,Pompeia,0,75,0,2,0,0,28,41,0,2,6,6,0.055979460991358435,Muito Baixo
2018,3540101,Pongai,0,19,0,1,0,1,3,10,0,1,0,1,0.1534301680138746,Muito Baixo
2018,3540200,Pontal,12,239,0,3,0,2,13,108,1,6,17,69,0.1394840584695974,Muito Baixo
2018,3540259,Pontalinda,1,24,0,0,0,0,7,27,0,1,0,1,0.3256402643692841,Baixo
2018,3540309,Pontes Gestal,2,24,0,0,0,0,3,10,1,0,0,0,0.26337206770724547,Baixo
2018,3540408,Populina,0,23,0,1,0,1,5,21,1,0,4,1,0.25918249078330985,Baixo
2018,3540507,Porangaba,0,64,1,7,0,2,27,36,1,0,1,9,0.24246302318998175,Baixo
2018,3540606,Porto Feliz,81,339,0,6,0,1,51,95,1,4,23,73,0.10471500517267204,Muito Baixo
2018,3540705,Porto Ferreira,43,475,0,9,0,0,75,269,3,2,8,93,0.3196903114471442,Baixo
2018,3540754,Potim,4,80,0,0,0,0,14,72,12,6,1,24,0.1391439226162944,Muito Baixo
2018,3540804,Potirendaba,11,122,0,1,0,0,31,59,1,2,10,13,0.18308192954246053,Muito Baixo
2018,3540853,Pracinha,0,4,0,0,0,1,0,12,0,0,1,0,0.16077965241210881,Muito Baixo
2018,3540903,Pradopolis,9,143,0,2,0,1,26,63,3,1,8,10,0.22227379142094977,Baixo
2018,3541000,Praia Grande,614,4585,2,33,1,37,638,793,22,30,109,3700,0.2731149277705716,Baixo
2018,3541059,Pratania,1,24,0,2,0,0,6,23,0,0,3,4,0.23402708581991255,Baixo
2018,3541109,Presidente Alves,2,17,0,0,0,0,4,25,0,0,1,1,0.295346705424494,Baixo
2018,3541208,Presidente Bernardes,6,55,0,1,0,0,18,52,0,0,8,0,0.1485070439228299,Muito Baixo
2018,3541307,Presidente Epitacio,11,543,0,5,0,1,169,208,2,1,25,9,0.37551070415330534,Baixo
2018,3541406,Presidente Prudente,254,2406,4,9,1,36,1331,1091,14,25,61,199,0.340831023791666,Baixo
2018,3541505,Presidente Venceslau,9,217,0,2,0,2,153,186,3,1,8,8,0.2568524461238432,Baixo
2018,3541604,Promissao,24,546,1,4,0,1,68,139,2,1,10,35,0.3457750611133999,Baixo
2018,3541653,Quadra,1,28,0,2,0,0,1,11,0,0,0,7,0.23111684791037104,Baixo
2018,3541703,Quata,1,57,0,2,0,0,22,41,0,0,2,3,0.12942665670330417,Muito Baixo
2018,3541802,Queiroz,0,37,0,0,0,0,9,12,0,4,4,0,0.2728309568894331,Baixo
2018,3541901,Queluz,12,131,0,2,0,0,17,78,1,3,3,16,0.536735886565768,Médio
2018,3542008,Quintana,1,30,0,1,0,0,4,12,0,0,1,0,0.06143767154118055,Muito Baixo
2018,3542107,Rafard,11,55,0,2,0,1,12,25,0,2,2,3,0.16861491367530035,Muito Baixo
2018,3542206,Rancharia,13,335,0,2,0,0,103,262,0,1,8,7,0.5566270670117642,Médio
2018,3542305,Redencao da Serra,0,42,0,1,0,0,4,11,0,0,1,3,0.18421534970410294,Muito Baixo
2018,3542404,Regente Feijo,3,91,0,1,0,0,49,109,2,2,8,6,0.25497283171459006,Baixo
2018,3542503,Reginopolis,0,27,0,0,0,0,3,28,1,0,1,2,0.1366312162457517,Muito Baixo
2018,3542602,Registro,34,597,0,9,2,6,153,224,6,6,21,97,0.27041750762787514,Baixo
2018,3542701,Restinga,2,92,0,2,0,0,2,30,1,1,0,3,0.37119266559918956,Baixo
2018,3542800,Ribeira,0,14,0,0,0,1,6,10,1,1,1,0,0.12789199906981935,Muito Baixo
2018,3542909,Ribeirao Bonito,2,89,0,0,1,1,7,46,0,0,0,12,0.2301947889118992,Baixo
2018,3543006,Ribeirao Branco,5,112,0,1,0,1,18,89,0,1,15,3,0.24186584124674426,Baixo
2018,3543105,Ribeirao Corrente,1,66,0,0,0,0,3,5,0,0,4,0,0.17071006604278752,Muito Baixo
2018,3543204,Ribeirao do Sul,2,36,0,1,0,0,6,16,1,0,2,1,0.20926364944457992,Baixo
2018,3543238,Ribeirao dos Indios,0,15,0,0,0,0,2,4,0,0,0,0,0.09493901858524251,Muito Baixo
2018,3543253,Ribeirao Grande,0,46,0,0,0,0,2,18,1,0,2,3,0.1056756467212542,Muito Baixo
2018,3543303,Ribeirao Pires,232,587,1,10,1,1,82,235,9,7,18,459,0.10856501831832273,Muito Baixo
2018,3543402,Ribeirao Preto,1740,10201,2,42,3,54,1573,1497,46,49,121,3240,0.2826695105572275,Baixo
2018,3543501,Riversul,2,53,0,0,0,0,2,37,0,2,2,2,0.3667766228583963,Baixo
2018,3543600,Rifaina,1,17,0,2,0,0,1,22,0,0,1,1,0.2971998376031861,Baixo
2018,3543709,Rincao,3,93,0,0,0,2,4,57,3,1,6,10,0.35918790967049513,Baixo
2018,3543808,Rinopolis,4,27,0,0,0,1,19,26,0,2,3,0,0.08347694935905983,Muito Baixo
2018,3543907,Rio Claro,415,2248,1,22,1,5,997,629,22,17,41,738,0.2694548964298377,Baixo
2018,3544004,Rio das Pedras,24,263,0,3,0,1,51,125,0,2,6,47,0.24938129455716268,Baixo
2018,3544103,Rio Grande da Serra,39,292,0,0,0,0,25,108,2,2,16,113,0.1274294650404385,Muito Baixo
2018,3544202,Riolandia,1,95,0,0,0,0,21,60,0,2,3,3,0.3317341869720868,Baixo
2018,3544251,Rosana,1,149,0,2,0,0,12,67,2,0,7,7,0.20964196388837097,Baixo
2018,3544301,Roseira,5,99,0,1,1,0,9,38,1,0,1,19,0.24380251761924468,Baixo
2018,3544400,Rubiacea,0,19,0,2,0,0,9,14,0,0,1,0,0.3131358484912951,Baixo
2018,3544509,Rubineia,1,12,0,0,0,0,2,10,0,0,1,2,0.09237270317155684,Muito Baixo
2018,3544608,Sabino,0,109,0,0,0,0,4,22,1,0,1,2,0.4267421143024147,Médio
2018,3544707,Sagres,0,9,0,0,0,0,0,13,0,0,2,0,0.2215948528819365,Baixo
2018,3544806,Sales,2,59,0,2,0,0,7,40,1,1,7,1,0.40040309392208157,Médio
2018,3544905,Sales Oliveira,6,87,0,2,0,1,9,39,0,1,5,8,0.2123924664269167,Baixo
2018,3545001,Salesopolis,7,135,0,3,0,0,32,58,1,0,5,11,0.23902174703148166,Baixo
2018,3545100,Salmourao,0,25,0,2,0,3,2,19,0,1,0,0,0.22435887195743645,Baixo
2018,3545159,Saltinho,6,73,0,0,0,0,0,18,0,0,2,6,0.16126849617791572,Muito Baixo
2018,3545209,Salto,270,612,1,8,1,4,63,233,7,6,27,179,0.09853494381035308,Muito Baixo
2018,3545308,Salto de Pirapora,49,297,0,8,0,1,28,79,2,5,10,68,0.11980333753489347,Muito Baixo
2018,3545407,Salto Grande,0,86,0,2,0,2,9,30,0,1,4,7,0.2297899097497918,Baixo
2018,3545506,Sandovalina,1,47,0,0,0,0,4,19,0,0,2,0,0.35657299468271725,Baixo
2018,3545605,Santa Adelia,8,69,0,1,0,1,14,52,0,3,5,8,0.16956049330422868,Muito Baixo
2018,3545704,Santa Albertina,15,27,0,1,0,1,18,23,1,0,1,4,0.20311096370449674,Baixo
2018,3545803,Santa Barbara d'Oeste,701,1518,3,10,1,8,405,448,12,6,4,364,0.20565885318203414,Baixo
2018,3546009,Santa Branca,23,135,0,0,1,0,12,58,2,5,8,10,0.28393279143324096,Baixo
2018,3546108,Santa Clara d'Oeste,1,17,0,0,0,0,2,8,0,0,0,0,0.1726684919054519,Muito Baixo
2018,3546207,Santa Cruz da Conceicao,2,60,0,4,0,0,5,17,0,0,0,11,0.3867894576197292,Baixo
2018,3546256,Santa Cruz da Esperanca,0,21,0,1,0,0,3,10,0,1,0,0,0.32206086956789576,Baixo
2018,3546306,Santa Cruz das Palmeiras,7,230,0,1,0,1,20,111,3,5,13,27,0.21131631511234972,Baixo
2018,3546405,Santa Cruz do Rio Pardo,16,429,0,5,0,5,168,179,2,4,20,25,0.2523489344074179,Baixo
2018,3546504,Santa Ernestina,2,30,0,0,0,0,2,14,0,0,3,4,0.09250326365545858,Muito Baixo
2018,3546603,Santa Fe do Sul,12,371,0,2,0,6,210,204,1,5,13,12,0.4009564772217167,Médio
2018,3546702,Santa Gertrudes,31,122,0,6,0,1,103,117,2,3,9,22,0.2746817581054266,Baixo
2018,3546801,Santa Isabel,76,367,0,6,0,7,89,165,9,4,20,161,0.19248814777609033,Muito Baixo
2018,3546900,Santa Lucia,0,42,0,2,0,0,1,25,2,1,3,5,0.16091566095959234,Muito Baixo
2018,3547007,Santa Maria da Serra,3,48,0,0,0,0,2,30,0,2,0,5,0.3325017716619526,Baixo
2018,3547106,Santa Mercedes,0,23,0,1,0,0,5,13,1,0,0,0,0.26111389929405915,Baixo
2018,3547205,Santana da Ponte Pensa,1,8,0,0,0,0,1,5,0,0,1,0,0.12636793675058644,Muito Baixo
2018,3547304,Santana de Parnaiba,81,432,0,7,0,3,205,204,8,8,24,146,0.024014381128313105,Muito Baixo
2018,3547403,Santa Rita d'Oeste,0,5,0,1,0,0,6,5,0,1,4,0,0.03827409107495939,Muito Baixo
2018,3547502,Santa Rita do Passa Quatro,7,233,0,7,1,0,27,96,1,1,8,32,0.25044676991085874,Baixo
2018,3547650,Santa Salete,0,6,0,1,0,0,4,2,0,0,0,1,0.05276009637133484,Muito Baixo
2018,3547700,Santo Anastacio,6,131,0,1,0,0,48,79,4,1,3,5,0.22096492695693104,Baixo
2018,3547809,Santo Andre,4270,7004,5,17,5,15,840,1298,52,42,123,7460,0.21804435777214845,Baixo
2018,3547908,Santo Antonio da Alegria,1,108,0,5,0,0,9,38,0,0,2,5,0.49424358892830483,Médio
2018,3548005,Santo Antonio de Posse,30,183,0,3,0,1,23,87,1,3,8,27,0.2466788514179926,Baixo
2018,3548054,Santo Antonio do Aracangua,1,94,0,4,0,0,4,23,2,2,7,4,0.2426631894389217,Baixo
2018,3548104,Santo Antonio do Jardim,3,40,0,3,0,1,15,19,0,0,2,4,0.19866012132718125,Muito Baixo
2018,3548203,Santo Antonio do Pinhal,4,42,0,2,0,0,19,37,0,0,4,3,0.28762777279925794,Baixo
2018,3548302,Santo Expedito,0,18,0,1,0,0,3,13,0,0,0,0,0.23705164881160107,Baixo
2018,3548401,Santopolis do Aguapei,3,42,0,3,0,0,11,22,0,0,2,3,0.3894649757758782,Baixo
2018,3548500,Santos,1190,5494,1,26,5,46,500,752,16,47,73,3024,0.2296244711904319,Baixo
2018,3548609,Sao Bento do Sapucai,5,71,0,1,0,0,10,50,2,1,2,1,0.2267893952399443,Baixo
2018,3548708,Sao Bernardo do Campo,2044,5589,0,46,8,14,1390,1337,43,39,163,6823,0.12363361006903102,Muito Baixo
2018,3548807,Sao Caetano do Sul,503,1308,1,0,0,16,177,197,0,8,23,736,0.12477575072574978,Muito Baixo
2018,3548906,Sao Carlos,419,3033,1,21,1,4,242,681,17,15,26,502,0.2545171504698393,Baixo
2018,3549003,Sao Francisco,3,10,0,0,0,1,3,9,0,0,1,0,0.1491118434750422,Muito Baixo
2018,3549102,Sao Joao da Boa Vista,47,674,0,6,0,0,331,335,1,4,24,83,0.20918378220507974,Baixo
2018,3549201,Sao Joao das Duas Pontes,0,10,0,0,0,0,2,12,1,0,0,0,0.18962757127550237,Muito Baixo
2018,3549250,Sao Joao de Iracema,1,14,0,1,0,0,2,15,0,0,0,0,0.4834583593475614,Médio
2018,3549300,Sao Joao do Pau d'Alho,0,12,0,1,0,0,3,6,0,1,1,0,0.14287359863973742,Muito Baixo
2018,3549409,Sao Joaquim da Barra,27,489,0,7,0,2,141,236,1,6,13,45,0.31964101829970865,Baixo
2018,3549508,Sao Jose da Bela Vista,1,107,0,1,0,0,4,28,0,1,2,3,0.28778368604837645,Baixo
2018,3549607,Sao Jose do Barreiro,1,26,0,0,0,0,4,28,0,0,1,2,0.3648472207632869,Baixo
2018,3549706,Sao Jose do Rio Pardo,53,566,0,2,0,0,200,186,0,2,10,59,0.25577729140619765,Baixo
2018,3549805,Sao Jose do Rio Preto,958,6784,0,32,5,38,1522,1411,39,42,149,993,0.3140354814998443,Baixo
2018,3549904,Sao Jose dos Campos,2193,5688,0,38,10,20,816,1588,43,61,179,2844,0.19221672954475238,Muito Baixo
2018,3549953,Sao Lourenco da Serra,12,117,0,3,0,1,4,49,2,3,3,54,0.19646961748394937,Muito Baixo
2018,3550100,Sao Manuel,12,276,0,10,0,0,108,147,0,3,10,21,0.22522107900448113,Baixo
2018,3550209,Sao Miguel Arcanjo,25,413,0,3,0,2,60,85,1,0,21,49,0.24236775437052968,Baixo
2018,3550308,Sao Paulo,40395,201798,29,392,80,1042,13569,28548,723,749,2590,136589,0.34418588135112316,Baixo
2018,3550407,Sao Pedro,23,368,0,0,1,0,111,152,1,3,12,70,0.27494684673390457,Baixo
2018,3550506,Sao Pedro do Turvo,5,55,0,1,0,0,12,47,0,1,3,5,0.366408193701961,Baixo
2018,3550605,Sao Roque,81,686,2,16,0,3,54,172,6,7,41,146,0.16309351416775383,Muito Baixo
2018,3550704,Sao Sebastiao,81,1040,1,6,2,1,78,437,12,9,33,194,0.40159068928121333,Médio
2018,3550803,Sao Sebastiao da Grama,8,84,0,0,0,1,9,28,1,1,2,4,0.1487860267547645,Muito Baixo
2018,3550902,Sao Simao,4,113,1,4,0,1,14,90,1,1,5,28,0.3857565216659116,Baixo
2018,3551009,Sao Vicente,372,3117,1,21,4,27,380,786,31,45,58,2841,0.17731990350382815,Muito Baixo
2018,3551108,Sarapui,3,111,0,0,0,0,11,36,0,5,9,9,0.25124693680792176,Baixo
2018,3551207,Sarutaia,0,58,0,0,0,0,4,19,1,1,2,2,0.3964724995585926,Baixo
2018,3551306,Sebastianopolis do Sul,0,22,0,0,0,1,6,6,1,1,1,1,0.10656785906707966,Muito Baixo
2018,3551405,Serra Azul,5,52,0,1,0,1,10,62,0,1,3,3,0.23267185718405756,Baixo
2018,3551504,Serrana,51,286,0,1,0,1,26,171,2,3,15,72,0.22236273747291666,Baixo
2018,3551603,Serra Negra,25,227,0,2,0,0,62,141,0,1,6,17,0.2817081465018644,Baixo
2018,3551702,Sertaozinho,308,1111,0,9,0,5,105,342,12,13,19,159,0.21767341154811048,Baixo
2018,3551801,Sete Barras,2,140,0,2,0,0,13,61,2,0,9,9,0.31505541553398925,Baixo
2018,3551900,Severinia,2,54,0,2,0,1,10,34,1,2,6,8,0.07381798439465363,Muito Baixo
2018,3552007,Silveiras,0,48,0,0,0,0,3,19,0,2,4,9,0.17153734323536854,Muito Baixo
2018,3552106,Socorro,34,259,0,7,0,0,63,98,1,4,15,31,0.14427571121020782,Muito Baixo
2018,3552205,Sorocaba,1764,7808,0,59,3,16,826,1822,54,49,200,2508,0.24842519753230705,Baixo
2018,3552304,Sud Mennucci,2,54,1,3,0,0,7,39,0,1,1,3,0.31573691034605106,Baixo
2018,3552403,Sumare,588,2164,2,6,1,6,507,758,28,28,55,1350,0.19464501809337523,Muito Baixo
2018,3552502,Suzano,908,2335,1,11,2,20,241,883,26,26,100,1892,0.21899869982886228,Baixo
2018,3552551,Suzanapolis,0,26,0,0,0,0,2,13,1,0,0,0,0.20129143848820663,Baixo
2018,3552601,Tabapua,8,78,0,2,0,0,16,38,4,2,2,2,0.1880027469005483,Muito Baixo
2018,3552700,Tabatinga,9,130,0,3,0,0,4,54,1,6,5,1,0.23581237290208282,Baixo
2018,3552809,Taboao da Serra,553,1529,0,7,2,9,295,687,21,27,83,2549,0.14486865869879698,Muito Baixo
2018,3552908,Taciba,0,54,0,2,0,0,7,29,0,1,0,1,0.2944437418388831,Baixo
2018,3553005,Taguai,4,127,0,1,0,0,14,76,0,1,6,6,0.38935250302614116,Baixo
2018,3553104,Taiacu,4,30,0,0,0,0,1,29,1,2,2,5,0.24120785413899729,Baixo
2018,3553203,Taiuva,3,36,0,0,0,0,5,19,0,0,1,7,0.14340833962271768,Muito Baixo
2018,3553302,Tambau,14,220,0,3,0,1,36,80,0,1,2,19,0.25245508154829405,Baixo
2018,3553401,Tanabi,21,353,1,3,1,0,24,68,3,3,10,7,0.2708400296588185,Baixo
2018,3553500,Tapirai,3,91,0,0,0,0,9,39,0,3,1,11,0.32129331543332507,Baixo
2018,3553609,Tapiratiba,6,71,0,4,0,4,17,38,1,0,3,5,0.18107878965975888,Muito Baixo
2018,3553658,Taquaral,1,13,0,0,0,0,0,9,0,0,2,0,0.14192863607912448,Muito Baixo
2018,3553708,Taquaritinga,42,580,1,7,0,9,135,274,0,2,17,38,0.3521646244091518,Baixo
2018,3553807,Taquarituba,10,158,0,5,0,1,16,147,1,2,19,12,0.3372637395558229,Baixo
2018,3553856,Taquarivai,3,33,0,4,0,1,9,26,0,0,6,0,0.2425921325098383,Baixo
2018,3553906,Tarabai,3,50,0,0,0,0,5,36,0,1,2,4,0.29633301405795487,Baixo
2018,3553955,Taruma,3,128,1,0,0,1,10,38,1,0,6,8,0.1721094595523059,Muito Baixo
2018,3554003,Tatui,165,964,0,7,1,6,150,394,8,6,53,162,0.21213969073657435,Baixo
2018,3554102,Taubate,572,2978,3,19,1,13,581,983,40,35,80,1138,0.24380371814756946,Baixo
2018,3554201,Tejupa,2,38,0,0,0,0,3,32,0,0,6,2,0.40975718376110026,Médio
2018,3554300,Teodoro Sampaio,15,249,0,2,0,0,47,109,2,1,14,7,0.33564762810374044,Baixo
2018,3554409,Terra Roxa,2,49,0,1,0,1,10,35,0,1,4,3,0.22008832872843295,Baixo
2018,3554508,Tiete,37,300,0,10,0,0,119,97,2,3,18,77,0.1774123943009971,Muito Baixo
2018,3554607,Timburi,0,13,0,1,0,0,2,6,0,0,1,0,0.11409458033388437,Muito Baixo
2018,3554656,Torre de Pedra,0,2,0,0,0,0,2,4,0,0,0,0,0.0,Muito Baixo
2018,3554706,Torrinha,5,69,0,1,0,0,8,34,0,0,2,9,0.20729960180784135,Baixo
2018,3554755,Trabiju,1,7,0,0,0,0,1,6,0,0,0,0,0.15572635831066392,Muito Baixo
2018,3554805,Tremembe,52,263,0,3,0,1,63,154,7,11,15,93,0.16038718166387086,Muito Baixo
2018,3554904,Tres Fronteiras,4,56,0,2,0,4,12,31,0,1,5,3,0.3323891331554466,Baixo
2018,3554953,Tuiuti,2,60,0,2,0,0,6,15,0,0,0,7,0.1714459351317522,Muito Baixo
2018,3555000,Tupa,29,468,0,9,0,4,394,294,2,2,20,20,0.25810977350038156,Baixo
2018,3555109,Tupi Paulista,2,124,0,2,0,1,34,69,1,2,4,1,0.25831947616801204,Baixo
2018,3555208,Turiuba,0,11,0,1,0,0,3,7,0,0,1,0,0.21039751879363133,Baixo
2018,3555307,Turmalina,0,7,0,0,0,0,2,10,0,0,1,0,0.2424911913985171,Baixo
2018,3555356,Ubarana,0,46,0,0,0,1,10,29,0,0,4,5,0.30907472732259705,Baixo
2018,3555406,Ubatuba,43,1335,0,11,1,10,345,420,20,11,25,316,0.39022349236122744,Baixo
2018,3555505,Ubirajara,1,25,0,1,0,0,6,19,0,1,3,4,0.18574746285371482,Muito Baixo
2018,3555604,Uchoa,1,48,0,0,0,4,13,41,0,0,8,4,0.1885282935432058,Muito Baixo
2018,3555703,Uniao Paulista,1,8,0,0,0,0,1,10,1,0,1,1,0.2977957684803385,Baixo
2018,3555802,Urania,5,45,0,1,0,0,35,37,1,0,7,2,0.19941177710842786,Muito Baixo
2018,3555901,Uru,0,8,0,0,1,0,0,5,0,1,1,0,0.235248791455955,Baixo
2018,3556008,Urupes,8,81,0,3,0,4,22,56,2,1,4,5,0.23363015722094205,Baixo
2018,3556107,Valentim Gentil,4,135,0,0,0,1,57,60,3,4,4,3,0.2918822041283428,Baixo
2018,3556206,Valinhos,277,815,0,7,0,6,404,383,5,4,23,165,0.19827361559588114,Muito Baixo
2018,3556305,Valparaiso,3,162,0,0,0,1,36,79,0,5,9,26,0.16763083579053709,Muito Baixo
2018,3556354,Vargem,4,98,0,1,0,2,3,27,2,1,6,13,0.1996793917063355,Muito Baixo
2018,3556404,Vargem Grande do Sul,18,389,0,3,0,0,95,157,2,17,5,14,0.2533868335853793,Baixo
2018,3556453,Vargem Grande Paulista,28,286,0,1,0,6,125,172,4,0,10,162,0.17960490065370951,Muito Baixo
2018,3556503,Varzea Paulista,235,726,1,8,1,7,145,346,5,7,39,347,0.18315884392500875,Muito Baixo
2018,3556602,Vera Cruz,1,89,0,2,0,1,12,62,1,0,2,7,0.34858597357873716,Baixo
2018,3556701,Vinhedo,59,666,0,7,0,0,213,238,0,4,13,120,0.21817539881083986,Baixo
2018,3556800,Viradouro,7,132,0,4,0,0,25,110,0,3,5,15,0.3555653906790811,Baixo
2018,3556909,Vista Alegre do Alto,3,40,0,1,0,0,8,27,1,0,1,10,0.16582108547899624,Muito Baixo
2018,3556958,Vitoria Brasil,0,7,0,1,0,0,1,2,0,1,2,0,0.042197731528348686,Muito Baixo
2018,3557006,Votorantim,125,794,2,4,0,6,93,276,13,6,44,150,0.12495404948587545,Muito Baixo
2018,3557105,Votuporanga,89,1129,1,10,0,41,739,467,4,3,27,67,0.3763140562433402,Baixo
2018,3557154,Zacarias,0,30,0,0,0,0,5,7,0,0,1,1,0.2031500256150564,Baixo
2018,3557204,Chavantes,5,141,0,1,0,0,10,47,0,1,6,8,0.2734838455100947,Baixo
2018,3557303,Estiva Gerbi,11,85,0,0,0,0,16,50,0,3,4,14,0.2627594108496637,Baixo
